# Nocturne C6 + Zigbee coordinator, 4 MB.
#
# ONE app partition, so there is no OTA. That is not a style choice: the
# coordinator stack measures +380 KB, the image lands near 1.96 MB, and two
# 1.875 MB slots plus zb_storage do not fit in 4 MB. Espressif's own
# zigbee_zczr.csv gives 1.25 MB slots, which a hello-world coordinator already
# overflows. Something had to go, and updating over the air is the only thing
# the radio can replace with a cable.
#
# zb_storage/zb_fct are required by the Zigbee stack: the network key, the
# binding table and the joined devices live there, so a re-flash keeps the
# sensor paired.
# Name,     Type, SubType, Offset,   Size,     Flags
nvs,        data, nvs,     0x9000,   0x5000,
otadata,    data, ota,     0xe000,   0x2000,
app0,       app,  ota_0,   0x10000,  0x3A0000,
zb_storage, data, fat,     0x3B0000, 0x4000,
zb_fct,     data, fat,     0x3B4000, 0x1000,
coredump,   data, coredump,0x3F0000, 0x10000,
